code_commune,nom_commune,commune_norm,type_local,prix_m2_median,n_ventes,prix_m2_prec,n_prec,evolution_12m,loyer_m2,loyer_origine,rendement_brut,fiable,prix_bien_type,dans_budget
49008,Angrie,angrie,Appartement,333.0,1,,,,7.65,ANIL 2025 (maille),0.2757,False,,True
49373,Lys-Haut-Layon,lys haut layon,Appartement,812.0,2,,,,8.06,ANIL 2025,0.1192,False,,True
49345,Bellevigne-en-Layon,bellevigne en layon,Appartement,1082.0,1,,,,9.97,ANIL 2025,0.1106,False,,True
49218,Montrevault-sur-Èvre,montrevault sur evre,Appartement,1040.0,1,1593.0,1.0,,9.28,ANIL 2025,0.1071,False,,True
49215,Montreuil-Bellay,montreuil bellay,Appartement,880.0,3,561.0,1.0,,7.33,ANIL 2025,0.0999,False,,True
49048,Briollay,briollay,Appartement,1341.0,4,1513.0,4.0,,10.57,ANIL 2025 (maille),0.0946,False,,True
49261,Gennes-Val-de-Loire,gennes val de loire,Appartement,1074.0,1,745.0,1.0,,8.15,ANIL 2025,0.091,False,,True
49331,Segré-en-Anjou Bleu,segre en anjou bleu,Appartement,1188.0,19,1343.0,23.0,-0.1154,8.8,ANIL 2025,0.0889,True,,True
49080,Les Hauts-d'Anjou,les hauts d anjou,Appartement,1209.0,2,,,,8.76,ANIL 2025,0.087,False,,True
49086,Terranjou,terranjou,Appartement,1370.0,2,,,,9.74,ANIL 2025 (maille),0.0854,False,,True
49301,Sèvremoine,sevremoine,Appartement,1412.0,4,,,,9.65,ANIL 2025,0.0821,False,,True
49125,Doué-en-Anjou,doue en anjou,Appartement,1218.0,1,1195.0,1.0,,8.19,ANIL 2025,0.0807,False,,True
49248,Ombrée d'Anjou,ombree d anjou,Appartement,1207.0,3,1431.0,2.0,,8.03,ANIL 2025,0.0799,False,,True
49292,Val-du-Layon,val du layon,Appartement,1571.0,1,1118.0,1.0,,10.06,ANIL 2025 (maille),0.0768,False,,True
49060,Bellevigne-les-Châteaux,bellevigne les chateaux,Appartement,1274.0,8,1466.0,2.0,,8.09,ANIL 2025 (maille),0.0762,False,,True
49367,Erdre-en-Anjou,erdre en anjou,Appartement,1362.0,2,,,,8.47,ANIL 2025,0.0746,False,,True
49200,Longuenée-en-Anjou,longuenee en anjou,Appartement,1750.0,3,1938.0,1.0,,10.86,ANIL 2025,0.0745,False,,True
49176,Le Lion-d'Angers,le lion d angers,Appartement,1633.0,1,1620.0,1.0,,9.36,ANIL 2025,0.0688,False,,True
49267,Saint-Barthélemy-d'Anjou,saint barthelemy d anjou,Appartement,2250.0,29,2574.0,30.0,-0.1258,12.74,ANIL 2025,0.0679,True,,True
49244,Mauges-sur-Loire,mauges sur loire,Appartement,1527.0,4,1486.0,5.0,,8.61,ANIL 2025,0.0677,False,,True
49026,Bécon-les-Granits,becon les granits,Appartement,1577.0,2,,,,8.83,ANIL 2025,0.0672,False,,True
49333,Seiches-sur-le-Loir,seiches sur le loir,Appartement,1667.0,3,1685.0,1.0,,9.24,ANIL 2025,0.0665,False,,True
49353,Trélazé,trelaze,Appartement,2174.0,29,2229.0,23.0,-0.0245,11.84,ANIL 2025,0.0653,True,,True
49023,Beaupréau-en-Mauges,beaupreau en mauges,Appartement,1650.0,13,1653.0,21.0,-0.0017,8.92,ANIL 2025,0.0649,False,,True
49328,Saumur,saumur,Appartement,1749.0,156,1667.0,162.0,0.0496,9.43,ANIL 2025,0.0647,True,,True
49307,Loire-Authion,loire authion,Appartement,1937.0,2,1903.0,1.0,,10.25,ANIL 2025,0.0635,False,,True
49021,Beaufort-en-Anjou,beaufort en anjou,Appartement,1737.0,4,1000.0,3.0,,9.07,ANIL 2025,0.0626,False,,True
49163,Jarzé Villages,jarze villages,Appartement,1653.0,1,988.0,1.0,,8.57,ANIL 2025 (maille),0.0622,False,,True
49099,Cholet,cholet,Appartement,2044.0,224,1903.0,219.0,0.074,10.55,ANIL 2025,0.062,True,,True
49018,Baugé-en-Anjou,bauge en anjou,Appartement,1714.0,4,1359.0,2.0,,8.67,ANIL 2025,0.0607,False,,True
49347,Tiercé,tierce,Appartement,2047.0,12,1822.0,1.0,,10.24,ANIL 2025,0.06,False,,True
49378,Vivy,vivy,Appartement,1615.0,1,1270.0,1.0,,7.94,ANIL 2025 (maille),0.059,False,,True
49278,Sainte-Gemmes-sur-Loire,sainte gemmes sur loire,Appartement,2500.0,9,2576.0,7.0,,12.12,ANIL 2025,0.0582,False,,True
49223,Mûrs-Erigné,murs erigne,Appartement,2561.0,11,2577.0,10.0,,12.38,ANIL 2025,0.058,False,,True
49063,Chalonnes-sur-Loire,chalonnes sur loire,Appartement,2074.0,17,2122.0,14.0,,9.94,ANIL 2025,0.0575,True,,True
49329,Savennières,savennieres,Appartement,2245.0,1,,,,10.74,ANIL 2025 (maille),0.0574,False,,True
49272,Saint-Clément-des-Levées,saint clement des levees,Appartement,1700.0,1,,,,7.94,ANIL 2025 (maille),0.0561,False,,True
49323,Verrières-en-Anjou,verrieres en anjou,Appartement,2585.0,4,2177.0,11.0,,11.84,ANIL 2025,0.055,False,,True
49015,Avrillé,avrille,Appartement,2792.0,88,3000.0,91.0,-0.0693,12.75,ANIL 2025,0.0548,True,,True
49214,Montreuil-Juigné,montreuil juigne,Appartement,2598.0,16,2804.0,11.0,,11.83,ANIL 2025,0.0546,True,,True
49035,Bouchemaine,bouchemaine,Appartement,2812.0,5,2667.0,3.0,,12.73,ANIL 2025,0.0543,False,,True
49246,Les Ponts-de-Cé,les ponts de ce,Appartement,2788.0,42,2540.0,31.0,0.0978,12.25,ANIL 2025,0.0527,True,,True
49050,Brissac Loire Aubance,brissac loire aubance,Appartement,2731.0,1,2031.0,3.0,,11.41,ANIL 2025,0.0501,False,,True
49007,Angers,angers,Appartement,3144.0,1653,3143.0,1397.0,0.0002,13.1,ANIL 2025,0.05,True,,True
49129,Écouflant,ecouflant,Appartement,3122.0,2,3226.0,3.0,,12.46,ANIL 2025,0.0479,False,,True
49092,Chemillé-en-Anjou,chemille en anjou,Appartement,2158.0,1,1125.0,3.0,,8.6,ANIL 2025,0.0478,False,,True
49298,Saint-Léger-de-Linières,saint leger de linieres,Appartement,3000.0,3,2000.0,1.0,,11.02,ANIL 2025,0.0441,False,,True
49020,Beaucouzé,beaucouze,Appartement,2927.0,9,3690.0,2.0,,10.47,ANIL 2025,0.0429,False,,True
49194,Mazé-Milon,maze milon,Appartement,3333.0,1,3444.0,1.0,,10.3,ANIL 2025,0.0371,False,,True
49126,Orée d'Anjou,oree d anjou,Appartement,3727.0,1,,,,10.13,ANIL 2025,0.0326,False,,True
49038,Bourg-l'Évêque,bourg l eveque,Maison,638.0,4,1275.0,8.0,,6.8,ANIL 2025 (maille),0.1278,False,,True
49237,La Pellerine,la pellerine,Maison,909.0,2,,,,7.33,ANIL 2025 (maille),0.0968,False,,True
49061,Challain-la-Potherie,challain la potherie,Maison,906.0,7,1474.0,5.0,,7.05,ANIL 2025 (maille),0.0935,False,,True
49236,Passavant-sur-Layon,passavant sur layon,Maison,1085.0,1,,,,8.4,ANIL 2025 (maille),0.0929,False,,True
49369,Vernoil-le-Fourrier,vernoil le fourrier,Maison,1093.0,13,1385.0,19.0,-0.2105,8.34,ANIL 2025 (maille),0.0915,False,,True
49310,Saint-Paul-du-Bois,saint paul du bois,Maison,819.0,10,1169.0,9.0,,6.18,ANIL 2025 (maille),0.0907,False,,True
49064,Chambellay,chambellay,Maison,950.0,5,1480.0,6.0,,6.84,ANIL 2025 (maille),0.0864,False,,True
49045,La Breille-les-Pins,la breille les pins,Maison,1184.0,7,1497.0,7.0,,8.34,ANIL 2025 (maille),0.0845,False,,True
49221,Mouliherne,mouliherne,Maison,1203.0,16,1123.0,9.0,,8.34,ANIL 2025 (maille),0.0832,True,,True
49291,Saint-Just-sur-Dive,saint just sur dive,Maison,1060.0,6,684.0,1.0,,7.32,ANIL 2025 (maille),0.0829,False,,True
49102,Cléré-sur-Layon,clere sur layon,Maison,1220.0,7,1060.0,4.0,,8.4,ANIL 2025 (maille),0.0826,False,,True
49373,Lys-Haut-Layon,lys haut layon,Maison,1314.0,76,1420.0,76.0,-0.0748,8.55,ANIL 2025,0.0781,True,,True
49364,Vaudelnay,vaudelnay,Maison,1217.0,17,1657.0,12.0,,7.9,ANIL 2025 (maille),0.0779,True,,True
49374,Villebernier,villebernier,Maison,1286.0,13,1502.0,14.0,,8.34,ANIL 2025 (maille),0.0778,False,,True
49140,Fontevraud-l'Abbaye,fontevraud l abbaye,Maison,1038.0,14,1705.0,13.0,,6.56,ANIL 2025 (maille),0.0758,False,,True
49209,Montigné-lès-Rairies,montigne les rairies,Maison,1154.0,3,1439.0,6.0,,7.26,ANIL 2025 (maille),0.0755,False,,True
49228,Noyant-Villages,noyant villages,Maison,1083.0,61,1041.0,71.0,0.0411,6.74,ANIL 2025,0.0746,True,,True
49086,Terranjou,terranjou,Maison,1639.0,38,1781.0,44.0,-0.0795,10.0,ANIL 2025,0.0732,True,,True
49368,Vernantes,vernantes,Maison,1411.0,19,1168.0,18.0,0.2088,8.34,ANIL 2025 (maille),0.0709,True,,True
49041,Brain-sur-Allonnes,brain sur allonnes,Maison,1433.0,15,1375.0,13.0,,8.34,ANIL 2025 (maille),0.0698,True,,True
49178,Loiré,loire,Maison,1218.0,11,910.0,6.0,,7.05,ANIL 2025 (maille),0.0695,False,,True
49257,Les Rairies,les rairies,Maison,1265.0,10,1479.0,14.0,,7.26,ANIL 2025 (maille),0.0689,False,,True
49182,Louresse-Rochemenier,louresse rochemenier,Maison,1495.0,5,1807.0,12.0,,8.53,ANIL 2025 (maille),0.0685,False,,True
49248,Ombrée d'Anjou,ombree d anjou,Maison,1220.0,100,1225.0,89.0,-0.0042,6.88,ANIL 2025,0.0676,True,,True
49381,Yzernay,yzernay,Maison,1279.0,15,1368.0,13.0,,7.18,ANIL 2025 (maille),0.0674,True,,True
49371,Vezins,vezins,Maison,1544.0,13,1745.0,20.0,-0.115,8.51,ANIL 2025 (maille),0.0661,False,,True
49262,Rou-Marson,rou marson,Maison,1465.0,1,1458.0,4.0,,8.05,ANIL 2025 (maille),0.066,False,,True
49017,Baracé,barace,Maison,1454.0,8,1796.0,8.0,,7.9,ANIL 2025 (maille),0.0652,False,,True
49220,Morannes sur Sarthe-Daumeray,morannes sur sarthe daumeray,Maison,1401.0,38,1341.0,36.0,0.0443,7.5,ANIL 2025,0.0642,True,,True
49009,Antoigné,antoigne,Maison,1230.0,8,1318.0,3.0,,6.56,ANIL 2025 (maille),0.064,False,,True
49107,Cornillé-les-Caves,cornille les caves,Maison,1596.0,4,1928.0,8.0,,8.5,ANIL 2025 (maille),0.0639,False,,True
49070,Chanteloup-les-Bois,chanteloup les bois,Maison,1374.0,7,1125.0,3.0,,7.18,ANIL 2025 (maille),0.0627,False,,True
49018,Baugé-en-Anjou,bauge en anjou,Maison,1503.0,133,1399.0,104.0,0.0742,7.79,ANIL 2025,0.0622,True,,True
49171,La Lande-Chasles,la lande chasles,Maison,1579.0,1,2011.0,1.0,,8.14,ANIL 2025 (maille),0.0619,False,,True
49113,Courchamps,courchamps,Maison,1570.0,3,2011.0,4.0,,8.05,ANIL 2025 (maille),0.0615,False,,True
49244,Mauges-sur-Loire,mauges sur loire,Maison,1833.0,149,1895.0,126.0,-0.0328,9.34,ANIL 2025,0.0612,True,,True
49100,Cizay-la-Madeleine,cizay la madeleine,Maison,1439.0,2,1218.0,6.0,,7.32,ANIL 2025 (maille),0.0611,False,,True
49121,Dénezé-sous-Doué,deneze sous doue,Maison,1562.0,7,1421.0,4.0,,7.9,ANIL 2025 (maille),0.0607,False,,True
49002,Allonnes,allonnes,Maison,1746.0,18,1638.0,18.0,0.066,8.82,ANIL 2025,0.0606,True,,True
49082,Chaudefonds-sur-Layon,chaudefonds sur layon,Maison,1828.0,12,2273.0,7.0,,9.23,ANIL 2025 (maille),0.0606,False,,True
49345,Bellevigne-en-Layon,bellevigne en layon,Maison,1706.0,46,1837.0,61.0,-0.0714,8.6,ANIL 2025,0.0605,True,,True
49114,Courléon,courleon,Maison,1660.0,4,1283.0,4.0,,8.34,ANIL 2025 (maille),0.0603,False,,True
49180,Longué-Jumelles,longue jumelles,Maison,1571.0,59,1386.0,46.0,0.134,7.88,ANIL 2025,0.0602,True,,True
49193,Le May-sur-Èvre,le may sur evre,Maison,1667.0,31,1703.0,36.0,-0.0212,8.31,ANIL 2025,0.0598,True,,True
49292,Val-du-Layon,val du layon,Maison,1862.0,37,1977.0,36.0,-0.0584,9.23,ANIL 2025 (maille),0.0595,True,,True
49235,Parnay,parnay,Maison,1653.0,7,1500.0,1.0,,8.18,ANIL 2025 (maille),0.0594,False,,True
49378,Vivy,vivy,Maison,1765.0,19,1818.0,27.0,-0.0294,8.73,ANIL 2025,0.0594,True,,True
49125,Doué-en-Anjou,doue en anjou,Maison,1688.0,93,1823.0,90.0,-0.0743,8.31,ANIL 2025,0.0591,True,,True
49331,Segré-en-Anjou Bleu,segre en anjou bleu,Maison,1548.0,161,1610.0,145.0,-0.0388,7.62,ANIL 2025,0.0591,True,,True
49188,Marcé,marce,Maison,1733.0,7,1591.0,5.0,,8.53,ANIL 2025 (maille),0.059,False,,True
49272,Saint-Clément-des-Levées,saint clement des levees,Maison,1661.0,12,1797.0,14.0,,8.14,ANIL 2025 (maille),0.0588,False,,True
49240,La Plaine,la plaine,Maison,1467.0,14,1605.0,6.0,,7.18,ANIL 2025 (maille),0.0587,False,,True
49010,Armaillé,armaille,Maison,1382.0,4,563.0,1.0,,6.77,ANIL 2025 (maille),0.0587,False,,True
49068,Champtocé-sur-Loire,champtoce sur loire,Maison,1631.0,17,1850.0,14.0,,7.98,ANIL 2025 (maille),0.0587,True,,True
49069,Orée d'Anjou,oree d anjou,Maison,2048.0,60,2187.0,130.0,-0.0636,10.0,défaut config.yml,0.0586,True,,True
49138,Les Bois d'Anjou,les bois d anjou,Maison,1776.0,25,1556.0,22.0,0.141,8.67,ANIL 2025,0.0586,True,,True
49089,Chazé-sur-Argos,chaze sur argos,Maison,1687.0,13,1347.0,8.0,,8.19,ANIL 2025 (maille),0.0583,False,,True
49060,Bellevigne-les-Châteaux,bellevigne les chateaux,Maison,1612.0,30,1562.0,35.0,0.032,7.83,ANIL 2025,0.0582,True,,True
49355,Trémentines,trementines,Maison,1747.0,31,2070.0,26.0,-0.1561,8.35,ANIL 2025,0.0574,True,,True
49036,Bouillé-Ménard,bouille menard,Maison,1423.0,3,975.0,10.0,,6.8,ANIL 2025 (maille),0.0573,False,,True
49174,Huillé-Lézigné,huille lezigne,Maison,1522.0,12,1375.0,18.0,0.1064,7.26,ANIL 2025 (maille),0.0573,False,,True
49359,Les Ulmes,les ulmes,Maison,1699.0,9,1468.0,2.0,,8.05,ANIL 2025 (maille),0.0569,False,,True
49341,Souzay-Champigny,souzay champigny,Maison,1400.0,6,1517.0,8.0,,6.56,ANIL 2025 (maille),0.0562,False,,True
49053,Brossay,brossay,Maison,1693.0,2,1044.0,3.0,,7.9,ANIL 2025 (maille),0.056,False,,True
49058,Les Cerqueux,les cerqueux,Maison,1547.0,4,1296.0,6.0,,7.18,ANIL 2025 (maille),0.0557,False,,True
49130,Écuillé,ecuille,Maison,1908.0,4,1949.0,5.0,,8.85,ANIL 2025 (maille),0.0556,False,,True
49022,Beaulieu-sur-Layon,beaulieu sur layon,Maison,2012.0,11,2000.0,17.0,0.0059,9.33,ANIL 2025 (maille),0.0556,False,,True
49311,Saint-Philbert-du-Peuple,saint philbert du peuple,Maison,1758.0,10,1378.0,1.0,,8.14,ANIL 2025 (maille),0.0556,False,,True
49326,Sarrigné,sarrigne,Maison,2027.0,6,2633.0,4.0,,9.38,ANIL 2025 (maille),0.0556,False,,True
49132,Étriché,etriche,Maison,1709.0,15,2000.0,17.0,-0.1457,7.9,ANIL 2025 (maille),0.0555,True,,True
49333,Seiches-sur-le-Loir,seiches sur le loir,Maison,1935.0,28,1700.0,27.0,0.1385,8.91,ANIL 2025,0.0553,True,,True
49362,Varrains,varrains,Maison,1750.0,19,1767.0,8.0,,8.05,ANIL 2025 (maille),0.0552,True,,True
49170,Juvardeil,juvardeil,Maison,1720.0,7,1869.0,8.0,,7.9,ANIL 2025 (maille),0.0551,False,,True
49194,Mazé-Milon,maze milon,Maison,2008.0,42,1987.0,42.0,0.0107,9.23,ANIL 2025,0.0551,True,,True
49253,Le Puy-Notre-Dame,le puy notre dame,Maison,1350.0,15,1154.0,12.0,,6.18,ANIL 2025 (maille),0.055,True,,True
49131,Épieds,epieds,Maison,1600.0,5,1357.0,6.0,,7.32,ANIL 2025 (maille),0.0549,False,,True
49361,Varennes-sur-Loire,varennes sur loire,Maison,1795.0,12,1992.0,14.0,,8.18,ANIL 2025 (maille),0.0547,False,,True
49328,Saumur,saumur,Maison,1913.0,211,2014.0,178.0,-0.0504,8.66,ANIL 2025,0.0543,True,,True
49163,Jarzé Villages,jarze villages,Maison,1770.0,24,2052.0,19.0,-0.1374,8.0,ANIL 2025,0.0542,True,,True
49127,Durtal,durtal,Maison,1640.0,22,1321.0,23.0,0.2415,7.39,ANIL 2025,0.0541,True,,True
49021,Beaufort-en-Anjou,beaufort en anjou,Maison,2012.0,60,1888.0,60.0,0.0654,9.0,ANIL 2025,0.0537,True,,True
49205,Miré,mire,Maison,1585.0,10,1314.0,11.0,,7.01,ANIL 2025 (maille),0.0531,False,,True
49224,Neuillé,neuille,Maison,1885.0,7,1370.0,7.0,,8.34,ANIL 2025 (maille),0.0531,False,,True
49161,La Jaille-Yvon,la jaille yvon,Maison,1549.0,4,1584.0,6.0,,6.84,ANIL 2025 (maille),0.053,False,,True
49201,La Ménitré,la menitre,Maison,1933.0,19,1516.0,16.0,0.2755,8.53,ANIL 2025 (maille),0.0529,True,,True
49054,Candé,cande,Maison,1633.0,20,1624.0,24.0,0.0057,7.19,ANIL 2025,0.0528,True,,True
49011,Artannes-sur-Thouet,artannes sur thouet,Maison,1672.0,2,2020.0,3.0,,7.32,ANIL 2025 (maille),0.0526,False,,True
49302,Saint-Macaire-du-Bois,saint macaire du bois,Maison,1413.0,6,1195.0,5.0,,6.18,ANIL 2025 (maille),0.0525,False,,True
49367,Erdre-en-Anjou,erdre en anjou,Maison,1867.0,46,1824.0,46.0,0.0235,8.16,ANIL 2025,0.0525,True,,True
49218,Montrevault-sur-Èvre,montrevault sur evre,Maison,1686.0,154,1571.0,167.0,0.0732,7.37,ANIL 2025,0.0524,True,,True
49261,Gennes-Val-de-Loire,gennes val de loire,Maison,1890.0,80,1828.0,97.0,0.0341,8.23,ANIL 2025,0.0523,True,,True
49215,Montreuil-Bellay,montreuil bellay,Maison,1558.0,36,1233.0,31.0,0.2631,6.77,ANIL 2025,0.0521,True,,True
49222,Mozé-sur-Louet,moze sur louet,Maison,2206.0,16,2156.0,9.0,,9.56,ANIL 2025,0.052,True,,True
49109,Coron,coron,Maison,1485.0,19,1494.0,6.0,,6.36,ANIL 2025,0.0514,True,,True
49231,Nuaillé,nuaille,Maison,1987.0,13,2000.0,17.0,-0.0064,8.51,ANIL 2025 (maille),0.0514,False,,True
49259,Rochefort-sur-Loire,rochefort sur loire,Maison,2195.0,18,2316.0,21.0,-0.0525,9.33,ANIL 2025 (maille),0.051,True,,True
49099,Cholet,cholet,Maison,2088.0,455,2128.0,401.0,-0.0187,8.86,ANIL 2025,0.0509,True,,True
49048,Briollay,briollay,Maison,2294.0,37,2373.0,27.0,-0.0332,9.74,ANIL 2025 (maille),0.0509,True,,True
49080,Les Hauts-d'Anjou,les hauts d anjou,Maison,1818.0,83,1645.0,85.0,0.105,7.7,ANIL 2025,0.0508,True,,True
49183,Val d'Erdre-Auxence,val d erdre auxence,Maison,1777.0,47,1735.0,37.0,0.0243,7.51,ANIL 2025,0.0507,True,,True
49339,Soulaire-et-Bourg,soulaire et bourg,Maison,2096.0,13,2193.0,10.0,,8.85,ANIL 2025 (maille),0.0507,False,,True
49353,Trélazé,trelaze,Maison,2523.0,169,2445.0,132.0,0.0322,10.61,ANIL 2025,0.0505,True,,True
49076,La Chapelle-Saint-Laud,la chapelle saint laud,Maison,1889.0,8,1760.0,9.0,,7.9,ANIL 2025 (maille),0.0502,False,,True
49298,Saint-Léger-de-Linières,saint leger de linieres,Maison,2593.0,39,2613.0,22.0,-0.008,10.84,ANIL 2025,0.0502,True,,True
49217,Montreuil-sur-Maine,montreuil sur maine,Maison,1968.0,8,1210.0,3.0,,8.19,ANIL 2025 (maille),0.05,False,,True
49192,Maulévrier,maulevrier,Maison,1875.0,24,1748.0,18.0,0.073,7.8,ANIL 2025,0.0499,True,,True
49112,Le Coudray-Macouard,le coudray macouard,Maison,1760.0,8,1571.0,7.0,,7.32,ANIL 2025 (maille),0.0499,False,,True
49129,Écouflant,ecouflant,Maison,2512.0,36,2500.0,41.0,0.0048,10.33,ANIL 2025,0.0493,True,,True
49332,La Séguinière,la seguiniere,Maison,2044.0,26,2101.0,30.0,-0.0268,8.38,ANIL 2025,0.0492,True,,True
49301,Sèvremoine,sevremoine,Maison,2007.0,254,1924.0,226.0,0.0435,8.23,ANIL 2025,0.0492,True,,True
49023,Beaupréau-en-Mauges,beaupreau en mauges,Maison,1842.0,209,1851.0,190.0,-0.0048,7.55,ANIL 2025,0.0492,True,,True
49284,Saint-Germain-des-Prés,saint germain des pres,Maison,1950.0,13,1737.0,16.0,0.1229,7.98,ANIL 2025 (maille),0.0491,False,,True
49030,Blou,blou,Maison,2000.0,7,1623.0,11.0,,8.14,ANIL 2025 (maille),0.0488,False,,True
49026,Bécon-les-Granits,becon les granits,Maison,2162.0,29,2216.0,24.0,-0.024,8.77,ANIL 2025,0.0487,True,,True
49092,Chemillé-en-Anjou,chemille en anjou,Maison,1733.0,175,1664.0,150.0,0.0416,7.02,ANIL 2025,0.0486,True,,True
49090,Cheffes,cheffes,Maison,1958.0,8,1567.0,17.0,0.2496,7.9,ANIL 2025 (maille),0.0485,False,,True
49266,Saint-Augustin-des-Bois,saint augustin des bois,Maison,2311.0,12,2250.0,11.0,,9.32,ANIL 2025 (maille),0.0484,False,,True
49344,Thorigné-d'Anjou,thorigne d anjou,Maison,2039.0,15,1994.0,5.0,,8.19,ANIL 2025 (maille),0.0482,True,,True
49223,Mûrs-Erigné,murs erigne,Maison,2609.0,39,2600.0,44.0,0.0032,10.46,ANIL 2025,0.0481,True,,True
49056,Carbay,carbay,Maison,1689.0,2,1000.0,1.0,,6.77,ANIL 2025 (maille),0.0481,False,,True
49247,La Possonnière,la possonniere,Maison,2328.0,17,2254.0,19.0,0.0328,9.33,ANIL 2025 (maille),0.0481,True,,True
49299,Saint-Léger-sous-Cholet,saint leger sous cholet,Maison,2098.0,25,2395.0,15.0,-0.1242,8.4,ANIL 2025 (maille),0.048,True,,True
49110,Corzé,corze,Maison,2132.0,16,1752.0,12.0,,8.5,ANIL 2025 (maille),0.0479,True,,True
49012,Aubigné-sur-Layon,aubigne sur layon,Maison,1633.0,1,800.0,3.0,,6.51,ANIL 2025 (maille),0.0479,False,,True
49008,Angrie,angrie,Maison,1772.0,12,1531.0,8.0,,7.05,ANIL 2025 (maille),0.0478,False,,True
49160,Ingrandes-Le Fresne sur Loire,ingrandes le fresne sur loire,Maison,1900.0,13,1787.0,18.0,0.063,7.54,ANIL 2025,0.0476,False,,True
49176,Le Lion-d'Angers,le lion d angers,Maison,2280.0,46,2265.0,49.0,0.0067,9.04,ANIL 2025,0.0476,True,,True
49050,Brissac Loire Aubance,brissac loire aubance,Maison,2292.0,86,2134.0,88.0,0.0736,9.08,ANIL 2025,0.0476,True,,True
49167,Les Garennes sur Loire,les garennes sur loire,Maison,2650.0,45,2759.0,45.0,-0.0394,10.5,ANIL 2025,0.0475,True,,True
49323,Verrières-en-Anjou,verrieres en anjou,Maison,2585.0,58,2483.0,67.0,0.041,10.17,ANIL 2025,0.0472,True,,True
49003,Tuffalun,tuffalun,Maison,2012.0,13,2107.0,11.0,,7.9,ANIL 2025 (maille),0.0471,False,,True
49347,Tiercé,tierce,Maison,2270.0,52,2207.0,48.0,0.0286,8.86,ANIL 2025,0.0469,True,,True
49377,Rives-du-Loir-en-Anjou,rives du loir en anjou,Maison,2500.0,52,2187.0,48.0,0.1432,9.66,ANIL 2025,0.0464,True,,True
49155,Grez-Neuville,grez neuville,Maison,2291.0,10,1943.0,5.0,,8.85,ANIL 2025 (maille),0.0463,False,,True
49343,La Tessoualle,la tessoualle,Maison,2090.0,24,2226.0,19.0,-0.0613,8.03,ANIL 2025,0.0461,True,,True
49329,Savennières,savennieres,Maison,2440.0,14,2515.0,19.0,-0.0298,9.38,ANIL 2025 (maille),0.0461,False,,True
49307,Loire-Authion,loire authion,Maison,2434.0,156,2290.0,110.0,0.0626,9.35,ANIL 2025,0.0461,True,,True
49216,Montreuil-sur-Loir,montreuil sur loir,Maison,2450.0,7,2156.0,1.0,,9.38,ANIL 2025 (maille),0.0459,False,,True
49027,Bégrolles-en-Mauges,begrolles en mauges,Maison,2158.0,16,2003.0,16.0,0.0777,8.22,ANIL 2025,0.0457,True,,True
49135,Feneu,feneu,Maison,2365.0,20,2301.0,16.0,0.028,9.0,ANIL 2025,0.0457,True,,True
49246,Les Ponts-de-Cé,les ponts de ce,Maison,2901.0,82,2636.0,71.0,0.1002,11.03,ANIL 2025,0.0456,True,,True
49283,Saint-Georges-sur-Loire,saint georges sur loire,Maison,2353.0,20,2293.0,20.0,0.0265,8.94,ANIL 2025,0.0456,True,,True
49260,La Romagne,la romagne,Maison,2051.0,19,1990.0,19.0,0.0307,7.77,ANIL 2025,0.0455,True,,True
49211,Montilliers,montilliers,Maison,1733.0,8,1308.0,9.0,,6.51,ANIL 2025 (maille),0.0451,False,,True
49358,Turquant,turquant,Maison,1760.0,4,1059.0,5.0,,6.56,ANIL 2025 (maille),0.0447,False,,True
49126,Orée d'Anjou,oree d anjou,Maison,2221.0,61,,,,8.27,ANIL 2025,0.0447,True,,True
49338,Soulaines-sur-Aubance,soulaines sur aubance,Maison,2624.0,10,2651.0,7.0,,9.74,ANIL 2025 (maille),0.0445,False,,True
49308,Saint-Melaine-sur-Aubance,saint melaine sur aubance,Maison,2658.0,13,2526.0,19.0,0.052,9.76,ANIL 2025 (maille),0.0441,False,,True
49306,Saint-Martin-du-Fouilloux,saint martin du fouilloux,Maison,2559.0,8,1956.0,8.0,,9.38,ANIL 2025 (maille),0.044,False,,True
49063,Chalonnes-sur-Loire,chalonnes sur loire,Maison,2368.0,49,2205.0,42.0,0.074,8.63,ANIL 2025,0.0437,True,,True
49336,Somloire,somloire,Maison,1698.0,8,1623.0,12.0,,6.18,ANIL 2025 (maille),0.0437,False,,True
49007,Angers,angers,Maison,3287.0,512,3184.0,513.0,0.0322,11.94,ANIL 2025,0.0436,True,,True
49330,Sceaux-d'Anjou,sceaux d anjou,Maison,2257.0,8,2286.0,11.0,,8.19,ANIL 2025 (maille),0.0436,False,,True
49120,Denée,denee,Maison,2703.0,9,2132.0,14.0,,9.74,ANIL 2025 (maille),0.0432,False,,True
49294,Saint-Lambert-la-Potherie,saint lambert la potherie,Maison,2613.0,15,2495.0,34.0,0.047,9.38,ANIL 2025 (maille),0.0431,True,,True
49200,Longuenée-en-Anjou,longuenee en anjou,Maison,2500.0,55,2627.0,41.0,-0.0482,8.97,ANIL 2025,0.0431,True,,True
49214,Montreuil-Juigné,montreuil juigne,Maison,2757.0,61,2644.0,38.0,0.0429,9.88,ANIL 2025,0.043,True,,True
49195,Mazières-en-Mauges,mazieres en mauges,Maison,2387.0,11,2473.0,7.0,,8.51,ANIL 2025 (maille),0.0428,False,,True
49267,Saint-Barthélemy-d'Anjou,saint barthelemy d anjou,Maison,2875.0,69,2727.0,65.0,0.0542,10.24,ANIL 2025,0.0428,True,,True
49269,Saint-Christophe-du-Bois,saint christophe du bois,Maison,2222.0,19,2056.0,20.0,0.081,7.84,ANIL 2025,0.0423,True,,True
49271,Saint-Clément-de-la-Place,saint clement de la place,Maison,2515.0,19,2200.0,18.0,0.1434,8.81,ANIL 2025,0.042,True,,True
49241,Le Plessis-Grammoire,le plessis grammoire,Maison,2754.0,34,2337.0,11.0,,9.38,ANIL 2025 (maille),0.0409,True,,True
49035,Bouchemaine,bouchemaine,Maison,2981.0,48,2950.0,44.0,0.0103,10.03,ANIL 2025,0.0404,True,,True
49370,Verrie,verrie,Maison,2402.0,3,1773.0,2.0,,8.05,ANIL 2025 (maille),0.0402,False,,True
49020,Beaucouzé,beaucouze,Maison,3017.0,24,2797.0,30.0,0.0787,10.0,ANIL 2025,0.0398,True,,True
49015,Avrillé,avrille,Maison,3037.0,120,2844.0,87.0,0.0679,9.82,ANIL 2025,0.0388,True,,True
49029,Blaison-Saint-Sulpice,blaison saint sulpice,Maison,2644.0,9,2530.0,8.0,,8.5,ANIL 2025 (maille),0.0386,False,,True
49123,Distré,distre,Maison,2278.0,19,2239.0,20.0,0.0173,7.32,ANIL 2025 (maille),0.0386,True,,True
49352,Toutlemonde,toutlemonde,Maison,2275.0,16,2058.0,9.0,,7.18,ANIL 2025 (maille),0.0379,True,,True
49067,Chenillé-Champteussé,chenille champteusse,Maison,2192.0,4,2018.0,1.0,,6.84,ANIL 2025 (maille),0.0375,False,,True
49055,Cantenay-Épinard,cantenay epinard,Maison,2876.0,22,2743.0,19.0,0.0484,8.84,ANIL 2025,0.0369,True,,True
49057,Cernusson,cernusson,Maison,2143.0,1,1323.0,2.0,,6.51,ANIL 2025 (maille),0.0365,False,,True
49278,Sainte-Gemmes-sur-Loire,sainte gemmes sur loire,Maison,3189.0,26,3073.0,30.0,0.0377,9.38,ANIL 2025 (maille),0.0353,True,,True
49219,Montsoreau,montsoreau,Maison,2303.0,8,2302.0,6.0,,6.56,ANIL 2025 (maille),0.0342,False,,True
