type_local,mois,prix_m2_median,n_ventes
Appartement,2023-01,1971.0,102
Appartement,2023-02,1895.0,99
Appartement,2023-03,1873.0,103
Appartement,2023-04,1868.0,103
Appartement,2023-05,1913.0,110
Appartement,2023-06,1929.0,120
Appartement,2023-07,1969.0,109
Appartement,2023-08,1926.0,77
Appartement,2023-09,1769.0,111
Appartement,2023-10,1803.0,92
Appartement,2023-11,1703.0,85
Appartement,2023-12,1833.0,107
Appartement,2024-01,1873.0,85
Appartement,2024-02,1863.0,85
Appartement,2024-03,1786.0,90
Appartement,2024-04,1875.0,99
Appartement,2024-05,2000.0,83
Appartement,2024-06,1761.0,122
Appartement,2024-07,1882.0,116
Appartement,2024-08,1757.0,86
Appartement,2024-09,1897.0,107
Appartement,2024-10,1833.0,85
Appartement,2024-11,1933.0,63
Appartement,2024-12,1778.0,111
Appartement,2025-01,1860.0,96
Appartement,2025-02,1960.0,79
Appartement,2025-03,1750.0,119
Appartement,2025-04,1818.0,147
Appartement,2025-05,1622.0,83
Appartement,2025-06,1761.0,121
Appartement,2025-07,1928.0,141
Appartement,2025-08,1843.0,98
Appartement,2025-09,1912.0,118
Appartement,2025-10,1958.0,104
Appartement,2025-11,1809.0,86
Appartement,2025-12,1866.0,127
Maison,2023-01,1709.0,395
Maison,2023-02,1605.0,407
Maison,2023-03,1593.0,432
Maison,2023-04,1571.0,359
Maison,2023-05,1597.0,387
Maison,2023-06,1667.0,514
Maison,2023-07,1667.0,520
Maison,2023-08,1645.0,402
Maison,2023-09,1646.0,467
Maison,2023-10,1659.0,426
Maison,2023-11,1587.0,345
Maison,2023-12,1536.0,446
Maison,2024-01,1630.0,295
Maison,2024-02,1602.0,309
Maison,2024-03,1496.0,300
Maison,2024-04,1574.0,354
Maison,2024-05,1606.0,339
Maison,2024-06,1518.0,422
Maison,2024-07,1620.0,537
Maison,2024-08,1647.0,359
Maison,2024-09,1556.0,426
Maison,2024-10,1600.0,457
Maison,2024-11,1529.0,367
Maison,2024-12,1551.0,504
Maison,2025-01,1614.0,376
Maison,2025-02,1608.0,354
Maison,2025-03,1648.0,393
Maison,2025-04,1575.0,505
Maison,2025-05,1639.0,276
Maison,2025-06,1667.0,445
Maison,2025-07,1593.0,616
Maison,2025-08,1718.0,414
Maison,2025-09,1591.0,468
Maison,2025-10,1589.0,456
Maison,2025-11,1636.0,416
Maison,2025-12,1593.0,556
